{"cameraMode":{"drawMode":0,"name":"Shaded","section":"Shading Mode"},"sceneLighting":true,"audioPlay":false,"sceneViewState":{"m_AlwaysRefresh":false,"showFog":true,"showSkybox":true,"showFlares":true,"showImageEffects":true,"showParticleSystems":true,"showVisualEffectGraphs":true,"m_FxEnabled":true},"in2DMode":false,"pivot":{"x":2.1047582626342775,"y":4.178611755371094,"z":-0.1849178969860077},"rotation":{"x":-0.0006806721212342382,"y":0.9954830408096314,"z":0.007157837972044945,"w":0.09465624392032623},"size":2.7440106868743898,"orthographic":false}